{
  "label_aps": {
    "car": {
      "0.5": 0.3476128419276713,
      "1.0": 0.6233315525836131,
      "2.0": 0.7926377881982395,
      "4.0": 0.8693374814802457
    },
    "truck": {
      "0.5": 0.10626099748981782,
      "1.0": 0.3518347195168596,
      "2.0": 0.5839078539349327,
      "4.0": 0.7022333536193771
    },
    "bus": {
      "0.5": 0.11902993067636045,
      "1.0": 0.38334036552092304,
      "2.0": 0.6453898087792599,
      "4.0": 0.8077474352032167
    },
    "trailer": {
      "0.5": 0.0051236199898496825,
      "1.0": 0.07323671007010096,
      "2.0": 0.3218704784561268,
      "4.0": 0.5193418476949304
    },
    "construction_vehicle": {
      "0.5": 0.0021551175456728465,
      "1.0": 0.05157219723286159,
      "2.0": 0.21171987572270293,
      "4.0": 0.30163126029880144
    },
    "pedestrian": {
      "0.5": 0.1898394227660411,
      "1.0": 0.459278606832615,
      "2.0": 0.6940692724308258,
      "4.0": 0.7976646046182876
    },
    "motorcycle": {
      "0.5": 0.23147122837627024,
      "1.0": 0.4756952968011454,
      "2.0": 0.6617007051309945,
      "4.0": 0.7231651503552449
    },
    "bicycle": {
      "0.5": 0.23262323935286947,
      "1.0": 0.39557210823440503,
      "2.0": 0.5455660504820594,
      "4.0": 0.6089384791442708
    },
    "traffic_cone": {
      "0.5": 0.49347473835732925,
      "1.0": 0.676806873127652,
      "2.0": 0.7828550783308195,
      "4.0": 0.8195576378341342
    },
    "barrier": {
      "0.5": 0.3942038483069932,
      "1.0": 0.6185676190439143,
      "2.0": 0.7396770648650529,
      "4.0": 0.7825558219666222
    }
  },
  "mean_dist_aps": {
    "car": 0.6582299160474424,
    "truck": 0.4360592311402468,
    "bus": 0.48887688504494,
    "trailer": 0.22989316405275195,
    "construction_vehicle": 0.1417696127000097,
    "pedestrian": 0.5352129766619423,
    "motorcycle": 0.5230080951659137,
    "bicycle": 0.4456749693034011,
    "traffic_cone": 0.6931735819124837,
    "barrier": 0.6337510885456457
  },
  "mean_ap": 0.47856495205747773,
  "label_tp_errors": {
    "car": {
      "trans_err": 0.3997394095946727,
      "scale_err": 0.14572547607879066,
      "orient_err": 0.07553271082725056,
      "vel_err": 0.23157276653668024,
      "attr_err": 0.19645740501947812
    },
    "truck": {
      "trans_err": 0.6046168974596925,
      "scale_err": 0.19917886588882314,
      "orient_err": 0.09148848737005796,
      "vel_err": 0.19314013506755945,
      "attr_err": 0.1867876457719383
    },
    "bus": {
      "trans_err": 0.6090930841979225,
      "scale_err": 0.19227341959953562,
      "orient_err": 0.15066914534893325,
      "vel_err": 0.5419713017525157,
      "attr_err": 0.2640160547737364
    },
    "trailer": {
      "trans_err": 0.9082886906691253,
      "scale_err": 0.24546652373530992,
      "orient_err": 0.5024619138160987,
      "vel_err": 0.16277736361285225,
      "attr_err": 0.1895788650351748
    },
    "construction_vehicle": {
      "trans_err": 0.8821236436189519,
      "scale_err": 0.47387342584283637,
      "orient_err": 1.31917656313679,
      "vel_err": 0.12668400590517145,
      "attr_err": 0.3528204549702459
    },
    "pedestrian": {
      "trans_err": 0.5712472860390808,
      "scale_err": 0.2834649624398951,
      "orient_err": 0.5257490818256053,
      "vel_err": 0.30497113538138815,
      "attr_err": 0.1504866404099365
    },
    "motorcycle": {
      "trans_err": 0.5107665668372858,
      "scale_err": 0.25706197740163544,
      "orient_err": 0.5909796802078521,
      "vel_err": 0.31662073261318446,
      "attr_err": 0.24896203001864892
    },
    "bicycle": {
      "trans_err": 0.45726733098599726,
      "scale_err": 0.25225520425722847,
      "orient_err": 0.9349517358897349,
      "vel_err": 0.16718429941709165,
      "attr_err": 0.008291435133658742
    },
    "traffic_cone": {
      "trans_err": 0.3010052734550929,
      "scale_err": 0.3037547157766632,
      "orient_err": NaN,
      "vel_err": NaN,
      "attr_err": NaN
    },
    "barrier": {
      "trans_err": 0.3527572085942498,
      "scale_err": 0.2935312732543054,
      "orient_err": 0.1595832040600307,
      "vel_err": NaN,
      "attr_err": NaN
    }
  },
  "tp_errors": {
    "trans_err": 0.5596905391452072,
    "scale_err": 0.26465858442750234,
    "orient_err": 0.48339916916470593,
    "vel_err": 0.2556152175358054,
    "attr_err": 0.1996750663916022
  },
  "tp_scores": {
    "trans_err": 0.44030946085479283,
    "scale_err": 0.7353414155724977,
    "orient_err": 0.5166008308352941,
    "vel_err": 0.7443847824641946,
    "attr_err": 0.8003249336083977
  },
  "nd_score": 0.5629786183622565,
  "eval_time": 111.57057309150696,
  "cfg": {
    "class_range": {
      "car": 50,
      "truck": 50,
      "bus": 50,
      "trailer": 50,
      "construction_vehicle": 50,
      "pedestrian": 40,
      "motorcycle": 40,
      "bicycle": 40,
      "traffic_cone": 30,
      "barrier": 30
    },
    "dist_fcn": "center_distance",
    "dist_ths": [
      0.5,
      1.0,
      2.0,
      4.0
    ],
    "dist_th_tp": 2.0,
    "min_recall": 0.1,
    "min_precision": 0.1,
    "max_boxes_per_sample": 500,
    "mean_ap_weight": 5
  },
  "meta": {
    "use_lidar": false,
    "use_camera": true,
    "use_radar": false,
    "use_map": false,
    "use_external": true
  }
}