{
  "label_aps": {
    "car": {
      "0.5": 0.3066047727947661,
      "1.0": 0.5957630179772377,
      "2.0": 0.7887516079189134,
      "4.0": 0.8679167345324157
    },
    "truck": {
      "0.5": 0.08817408394028849,
      "1.0": 0.30452066248211723,
      "2.0": 0.5597985735273231,
      "4.0": 0.6874287341691718
    },
    "bus": {
      "0.5": 0.049281718328685886,
      "1.0": 0.3093866531819435,
      "2.0": 0.5989400350611673,
      "4.0": 0.7705646156681185
    },
    "trailer": {
      "0.5": 0.0,
      "1.0": 0.059381825884493616,
      "2.0": 0.3120615436088902,
      "4.0": 0.5468023703283803
    },
    "construction_vehicle": {
      "0.5": 0.0,
      "1.0": 0.07139606550894981,
      "2.0": 0.2255889364203903,
      "4.0": 0.30935041774230476
    },
    "pedestrian": {
      "0.5": 0.1791597667134632,
      "1.0": 0.4433262082131508,
      "2.0": 0.6765956508927534,
      "4.0": 0.7914074096534257
    },
    "motorcycle": {
      "0.5": 0.16668992833284377,
      "1.0": 0.43947554853433457,
      "2.0": 0.6192202453585406,
      "4.0": 0.7137318730820906
    },
    "bicycle": {
      "0.5": 0.23142074622303427,
      "1.0": 0.3951340356406676,
      "2.0": 0.5531558527511233,
      "4.0": 0.6072392607570464
    },
    "traffic_cone": {
      "0.5": 0.4786940217846829,
      "1.0": 0.6501986956329052,
      "2.0": 0.7606244214075485,
      "4.0": 0.8004466345652368
    },
    "barrier": {
      "0.5": 0.40042790344124035,
      "1.0": 0.6147155096612298,
      "2.0": 0.7492033478447729,
      "4.0": 0.7924471771482243
    }
  },
  "mean_dist_aps": {
    "car": 0.6397590333058332,
    "truck": 0.40998051352972514,
    "bus": 0.4320432555599788,
    "trailer": 0.22956143495544104,
    "construction_vehicle": 0.1515838549179112,
    "pedestrian": 0.5226222588681982,
    "motorcycle": 0.4847793988269524,
    "bicycle": 0.4467374738429679,
    "traffic_cone": 0.6724909433475933,
    "barrier": 0.6391984845238669
  },
  "mean_ap": 0.46287566516784684,
  "label_tp_errors": {
    "car": {
      "trans_err": 0.43257343073647575,
      "scale_err": 0.1498965986541499,
      "orient_err": 0.08736398810078222,
      "vel_err": 0.23303539082743363,
      "attr_err": 0.19189368284831598
    },
    "truck": {
      "trans_err": 0.6419786961506662,
      "scale_err": 0.2069512468169573,
      "orient_err": 0.09713394860686843,
      "vel_err": 0.19600842681929231,
      "attr_err": 0.19684445906734976
    },
    "bus": {
      "trans_err": 0.7094202641321056,
      "scale_err": 0.20828210961665253,
      "orient_err": 0.1882011028269396,
      "vel_err": 0.5633372567408313,
      "attr_err": 0.24576106236752912
    },
    "trailer": {
      "trans_err": 0.9775330487585102,
      "scale_err": 0.24096607771451622,
      "orient_err": 0.5350391061050188,
      "vel_err": 0.15513782380945673,
      "attr_err": 0.19746761298828583
    },
    "construction_vehicle": {
      "trans_err": 0.8743418954434834,
      "scale_err": 0.47320388731381796,
      "orient_err": 1.2942361648481124,
      "vel_err": 0.12123167092126151,
      "attr_err": 0.3689550137306846
    },
    "pedestrian": {
      "trans_err": 0.5807468837519331,
      "scale_err": 0.286648999993476,
      "orient_err": 0.5350502796096007,
      "vel_err": 0.32202380092985744,
      "attr_err": 0.16126795404171196
    },
    "motorcycle": {
      "trans_err": 0.5554059157903161,
      "scale_err": 0.25818714038983986,
      "orient_err": 0.5005792256664394,
      "vel_err": 0.3642347577327942,
      "attr_err": 0.2268810066187728
    },
    "bicycle": {
      "trans_err": 0.4879145288998356,
      "scale_err": 0.26361452736207774,
      "orient_err": 0.9235649741777423,
      "vel_err": 0.1606363330126684,
      "attr_err": 0.009016474917865391
    },
    "traffic_cone": {
      "trans_err": 0.3175836062972424,
      "scale_err": 0.29840189313042226,
      "orient_err": NaN,
      "vel_err": NaN,
      "attr_err": NaN
    },
    "barrier": {
      "trans_err": 0.358709812863011,
      "scale_err": 0.27401272480022926,
      "orient_err": 0.14577146042409792,
      "vel_err": NaN,
      "attr_err": NaN
    }
  },
  "tp_errors": {
    "trans_err": 0.593620808282358,
    "scale_err": 0.2660165205792139,
    "orient_err": 0.4785489167072891,
    "vel_err": 0.26445568259919944,
    "attr_err": 0.19976090832256443
  },
  "tp_scores": {
    "trans_err": 0.40637919171764203,
    "scale_err": 0.7339834794207861,
    "orient_err": 0.5214510832927108,
    "vel_err": 0.7355443174008005,
    "attr_err": 0.8002390916774356
  },
  "nd_score": 0.551197548934861,
  "eval_time": 84.68020725250244,
  "cfg": {
    "class_range": {
      "car": 50,
      "truck": 50,
      "bus": 50,
      "trailer": 50,
      "construction_vehicle": 50,
      "pedestrian": 40,
      "motorcycle": 40,
      "bicycle": 40,
      "traffic_cone": 30,
      "barrier": 30
    },
    "dist_fcn": "center_distance",
    "dist_ths": [
      0.5,
      1.0,
      2.0,
      4.0
    ],
    "dist_th_tp": 2.0,
    "min_recall": 0.1,
    "min_precision": 0.1,
    "max_boxes_per_sample": 500,
    "mean_ap_weight": 5
  },
  "meta": {
    "use_lidar": false,
    "use_camera": true,
    "use_radar": false,
    "use_map": false,
    "use_external": true
  }
}