{
  "label_aps": {
    "car": {
      "0.5": 0.3400017149393443,
      "1.0": 0.6124444962825938,
      "2.0": 0.7976014126631565,
      "4.0": 0.8727578633594559
    },
    "truck": {
      "0.5": 0.09476784960978554,
      "1.0": 0.2901985000948159,
      "2.0": 0.5712930435277163,
      "4.0": 0.6998115224186624
    },
    "bus": {
      "0.5": 0.06898175443356054,
      "1.0": 0.3622047804382506,
      "2.0": 0.6021972160778466,
      "4.0": 0.7851781111711618
    },
    "trailer": {
      "0.5": 0.0005236727957109639,
      "1.0": 0.05340886739537469,
      "2.0": 0.27146631439402114,
      "4.0": 0.5084403898755767
    },
    "construction_vehicle": {
      "0.5": 0.0004020739406140476,
      "1.0": 0.046483308411829134,
      "2.0": 0.25940638201387695,
      "4.0": 0.35460487781578065
    },
    "pedestrian": {
      "0.5": 0.19595097961169383,
      "1.0": 0.4607477033790647,
      "2.0": 0.6892519028239621,
      "4.0": 0.7991455868952071
    },
    "motorcycle": {
      "0.5": 0.19986766097985564,
      "1.0": 0.48277706535866105,
      "2.0": 0.647253361539325,
      "4.0": 0.7260886221524144
    },
    "bicycle": {
      "0.5": 0.203587442103054,
      "1.0": 0.40922645048404255,
      "2.0": 0.5660412304645539,
      "4.0": 0.6354535710937004
    },
    "traffic_cone": {
      "0.5": 0.4854189284197067,
      "1.0": 0.6629234943054344,
      "2.0": 0.7729594707352562,
      "4.0": 0.8107777088290016
    },
    "barrier": {
      "0.5": 0.3913843020351368,
      "1.0": 0.6098979073657428,
      "2.0": 0.7237893802733906,
      "4.0": 0.77016706182671
    }
  },
  "mean_dist_aps": {
    "car": 0.6557013718111376,
    "truck": 0.414017728912745,
    "bus": 0.4546404655302049,
    "trailer": 0.20845981111517087,
    "construction_vehicle": 0.1652241605455252,
    "pedestrian": 0.536274043177482,
    "motorcycle": 0.5139966775075641,
    "bicycle": 0.4535771735363377,
    "traffic_cone": 0.6830199005723497,
    "barrier": 0.623809662875245
  },
  "mean_ap": 0.47087209955837617,
  "label_tp_errors": {
    "car": {
      "trans_err": 0.4073905985352111,
      "scale_err": 0.14823197713177758,
      "orient_err": 0.07258901331255624,
      "vel_err": 0.22959735190848682,
      "attr_err": 0.19823065855356195
    },
    "truck": {
      "trans_err": 0.6414078138736579,
      "scale_err": 0.19975982069936318,
      "orient_err": 0.09108522279591841,
      "vel_err": 0.18946821147188803,
      "attr_err": 0.18469349289861353
    },
    "bus": {
      "trans_err": 0.652313866474141,
      "scale_err": 0.20449509347115724,
      "orient_err": 0.14230815490949236,
      "vel_err": 0.4818023439886103,
      "attr_err": 0.2597947404506808
    },
    "trailer": {
      "trans_err": 0.9416026942642336,
      "scale_err": 0.2406389264762483,
      "orient_err": 0.27264455142341226,
      "vel_err": 0.1489744203072776,
      "attr_err": 0.1588989823930808
    },
    "construction_vehicle": {
      "trans_err": 0.9328994425353608,
      "scale_err": 0.4729466259894847,
      "orient_err": 1.0689649186312622,
      "vel_err": 0.10799509745317053,
      "attr_err": 0.3635635734729089
    },
    "pedestrian": {
      "trans_err": 0.5685300735249956,
      "scale_err": 0.2892928591572359,
      "orient_err": 0.5021438796394972,
      "vel_err": 0.306177450395093,
      "attr_err": 0.15451789015202844
    },
    "motorcycle": {
      "trans_err": 0.5040507135764384,
      "scale_err": 0.2419967823425788,
      "orient_err": 0.5249401486874659,
      "vel_err": 0.33096686126772035,
      "attr_err": 0.23099544522606114
    },
    "bicycle": {
      "trans_err": 0.4938396496457946,
      "scale_err": 0.2605444968980287,
      "orient_err": 0.9275263216065514,
      "vel_err": 0.1669900475244355,
      "attr_err": 0.007003920162974721
    },
    "traffic_cone": {
      "trans_err": 0.31078869319776664,
      "scale_err": 0.3111535512959429,
      "orient_err": NaN,
      "vel_err": NaN,
      "attr_err": NaN
    },
    "barrier": {
      "trans_err": 0.3447177244188963,
      "scale_err": 0.2835077110035198,
      "orient_err": 0.16747257800078086,
      "vel_err": NaN,
      "attr_err": NaN
    }
  },
  "tp_errors": {
    "trans_err": 0.5797541270046496,
    "scale_err": 0.2652567844465338,
    "orient_err": 0.41885275433410407,
    "vel_err": 0.24524647303958524,
    "attr_err": 0.1947123379137388
  },
  "tp_scores": {
    "trans_err": 0.42024587299535043,
    "scale_err": 0.7347432155534662,
    "orient_err": 0.5811472456658959,
    "vel_err": 0.7547535269604148,
    "attr_err": 0.8052876620862612
  },
  "nd_score": 0.565053802105327,
  "eval_time": 65.35109496116638,
  "cfg": {
    "class_range": {
      "car": 50,
      "truck": 50,
      "bus": 50,
      "trailer": 50,
      "construction_vehicle": 50,
      "pedestrian": 40,
      "motorcycle": 40,
      "bicycle": 40,
      "traffic_cone": 30,
      "barrier": 30
    },
    "dist_fcn": "center_distance",
    "dist_ths": [
      0.5,
      1.0,
      2.0,
      4.0
    ],
    "dist_th_tp": 2.0,
    "min_recall": 0.1,
    "min_precision": 0.1,
    "max_boxes_per_sample": 500,
    "mean_ap_weight": 5
  },
  "meta": {
    "use_lidar": false,
    "use_camera": true,
    "use_radar": false,
    "use_map": false,
    "use_external": true
  }
}